title,date_venue,city,source,scraped_at
Intelligence TexPro F2F Prime News Trade Fairs & Events Marketplace Marketing Solutions Digital Advertisement Print Advertisement Webinar Marketing Media Booster Magazine Subscription Articles,Check website,Maharashtra,fibre2fashion,2026-10-07 11:52
All Categories Articles News Buyers Suppliers Trade Fairs Interview Market Intelligence,Check website,Maharashtra,fibre2fashion,2026-10-07 11:52
Home / Trade Fair / maharashtra / india / all,Check website,Maharashtra,fibre2fashion,2026-10-07 11:52
"LTD Exhibition (35th Edition) - Mumbai 2026 Mumbai, India 27th Oct, 2026 to 28th Oct, 2026 20 days to go Apparel Fabrics Fibre & FeedStock Leather & Footwear Accessories Home textile Sustainability",Check website,Maharashtra,fibre2fashion,2026-10-07 11:52
"LTD Exhibition (35th Edition) - Mumbai 2026 Mumbai, India 27th Oct, 2026 to 28th Oct, 2026 20 days to go",Check website,Maharashtra,fibre2fashion,2026-10-07 11:52
LTD Exhibition (35th Edition) - Mumbai 2026,Check website,Maharashtra,fibre2fashion,2026-10-07 11:52
"India Interior Expo - 2026 Noida, India 17th Nov, 2026 to 19th Nov, 2026 1 month to go Fabrics Home textile",Check website,Maharashtra,fibre2fashion,2026-10-07 11:52
"India Interior Expo - 2026 Noida, India 17th Nov, 2026 to 19th Nov, 2026 1 month to go",Check website,Maharashtra,fibre2fashion,2026-10-07 11:52
India Interior Expo - 2026,Check website,Maharashtra,fibre2fashion,2026-10-07 11:52
"Clothing Machinery Exhibition - 2026 Delhi, India 21st Nov, 2026 to 23rd Nov, 2026 1 month to go Machinery",Check website,Maharashtra,fibre2fashion,2026-10-07 11:52
"Clothing Machinery Exhibition - 2026 Delhi, India 21st Nov, 2026 to 23rd Nov, 2026 1 month to go",Check website,Maharashtra,fibre2fashion,2026-10-07 11:52
Clothing Machinery Exhibition - 2026,Check website,Maharashtra,fibre2fashion,2026-10-07 11:52
"India Mattresstech & Upholstery Supplies Expo - Chennai 2026 Chennai, India 18th Dec, 2026 to 20th Dec, 2026 2 months to go Machinery Home textile",Check website,Maharashtra,fibre2fashion,2026-10-07 11:52
"India Mattresstech & Upholstery Supplies Expo - Chennai 2026 Chennai, India 18th Dec, 2026 to 20th Dec, 2026 2 months to go",Check website,Maharashtra,fibre2fashion,2026-10-07 11:52
India Mattresstech & Upholstery Supplies Expo - Chennai 2026,Check website,Maharashtra,fibre2fashion,2026-10-07 11:52
"Hometex Tech Expo - 2027 Panipat, India 22nd Jan, 2027 to 24th Jan, 2027 3 months to go Fabrics Fibre & FeedStock Yarn Dyes & Chemicals Machinery Clothing Accessory",Check website,Maharashtra,fibre2fashion,2026-10-07 11:52
"Hometex Tech Expo - 2027 Panipat, India 22nd Jan, 2027 to 24th Jan, 2027 3 months to go",Check website,Maharashtra,fibre2fashion,2026-10-07 11:52
Hometex Tech Expo - 2027,Check website,Maharashtra,fibre2fashion,2026-10-07 11:52
Upcoming Fairs List your Fair Trade Fair News Organiser's Feedback Promote your Fair,Check website,Maharashtra,fibre2fashion,2026-10-07 11:52
